text,user_id,task_id
"felis, adipiscing fringilla, porttitor vulputate,",1,1
"montes, nascetur ridiculus mus. Proin vel arcu eu",2,2
erat vitae risus.,3,3
"non, feugiat nec, diam. Duis",4,4
"pellentesque eget, dictum placerat, augue. Sed molestie.",5,5
volutpat.,6,6
"dapibus gravida. Aliquam tincidunt, nunc ac",7,7
diam. Sed,8,8
sit amet metus.,9,9
ligula. Aenean gravida nunc sed,10,10
Maecenas iaculis aliquet diam. Sed,11,11
pede. Praesent eu dui. Cum sociis natoque penatibus,12,12
morbi tristique senectus et,13,13
orci luctus et ultrices posuere cubilia Curae;,14,14
in lobortis tellus justo sit amet nulla. Donec non,15,15
nibh. Quisque nonummy ipsum non arcu.,16,16
"Fusce aliquam, enim nec tempus scelerisque,",17,17
Cras interdum. Nunc sollicitudin,18,18
Morbi,19,19
"tellus, imperdiet non, vestibulum nec, euismod in,",20,20
Sed neque. Sed,21,21
tristique pharetra.,22,22
"sed orci lobortis augue scelerisque mollis. Phasellus libero mauris,",23,23
convallis dolor. Quisque tincidunt pede,24,24
"diam at pretium aliquet, metus urna convallis erat, eget tincidunt",25,25
dolor.,26,26
"tempor lorem, eget mollis lectus",27,27
"placerat, orci lacus vestibulum lorem, sit amet ultricies sem magna",28,28
"orci, adipiscing non, luctus sit amet,",29,29
"pretium aliquet, metus urna convallis erat, eget tincidunt dui",30,30
tincidunt,31,31
semper auctor. Mauris vel turpis. Aliquam,32,32
"vulputate, posuere vulputate,",33,33
"ad litora torquent per conubia nostra, per inceptos hymenaeos. Mauris",34,34
Proin ultrices. Duis volutpat nunc sit amet metus.,35,35
et arcu imperdiet ullamcorper. Duis at lacus. Quisque,36,36
natoque penatibus et magnis,37,37
"Aliquam auctor, velit eget laoreet posuere,",38,38
erat,39,39
"vitae, sodales at, velit. Pellentesque",40,40
"sodales purus, in",41,41
"purus, in",42,42
"ut cursus luctus, ipsum leo elementum sem,",43,43
"semper et, lacinia vitae, sodales at, velit. Pellentesque ultricies",44,44
"eget varius ultrices, mauris",45,45
"risus, at fringilla purus mauris a nunc. In at pede.",46,46
Curae; Phasellus ornare. Fusce mollis.,47,47
"In mi pede, nonummy ut, molestie in, tempus eu, ligula.",48,48
"est,",49,49
mauris sit amet lorem semper auctor.,50,50
eget ipsum. Suspendisse sagittis. Nullam vitae diam.,51,51
"amet,",52,52
"lacinia at, iaculis quis,",53,53
lorem tristique aliquet. Phasellus fermentum convallis ligula. Donec luctus,54,54
non quam. Pellentesque habitant morbi tristique senectus et,55,55
"Integer vitae nibh. Donec est mauris,",56,56
mi eleifend egestas. Sed,57,57
"Maecenas libero est, congue",58,58
est. Nunc,59,59
"nisi. Cum sociis natoque penatibus et magnis dis parturient montes,",60,60
nisl. Maecenas malesuada fringilla est. Mauris eu,61,61
Donec tincidunt. Donec vitae erat,62,62
neque venenatis lacus. Etiam bibendum fermentum metus. Aenean,63,63
"ullamcorper, nisl arcu iaculis",64,64
"elit,",65,65
"mollis vitae, posuere at, velit. Cras lorem lorem, luctus ut,",66,66
"tincidunt, nunc ac mattis ornare, lectus ante dictum",67,67
rutrum magna. Cras convallis,68,68
"non, bibendum sed, est.",69,69
egestas.,70,70
"Sed congue, elit sed consequat",71,71
fermentum arcu. Vestibulum ante ipsum primis in,72,72
"non, bibendum sed, est. Nunc laoreet lectus",73,73
tristique,74,74
Aliquam gravida mauris ut mi. Duis,75,75
Nulla,76,76
"rutrum urna, nec luctus felis",77,77
"bibendum sed, est. Nunc laoreet lectus quis",78,78
sapien. Nunc pulvinar arcu et pede.,79,79
non magna.,80,80
volutpat. Nulla dignissim. Maecenas,81,81
facilisis.,82,82
"malesuada id, erat. Etiam vestibulum massa rutrum",83,83
eros turpis non enim. Mauris,84,84
ridiculus,85,85
eu neque pellentesque massa lobortis ultrices. Vivamus,86,86
dolor. Fusce feugiat. Lorem ipsum,87,87
mauris sit amet,88,88
tristique senectus,89,89
"suscipit, est ac facilisis",90,90
Pellentesque habitant morbi tristique senectus,91,91
"ornare, facilisis eget, ipsum.",92,92
orci lobortis augue scelerisque mollis. Phasellus,93,93
"elit elit fermentum risus, at",94,94
"tellus sem mollis dui, in sodales elit",95,95
"est. Nunc ullamcorper, velit",96,96
amet massa. Quisque porttitor eros nec tellus. Nunc,97,97
Nam consequat dolor vitae dolor.,98,98
lacus. Mauris non dui nec,99,99
ac metus vitae velit egestas lacinia. Sed,100,100
