user_id,title,description,url,rating
1,"lobortis quis, pede.","libero mauris, aliquam eu, accumsan sed, facilisis vitae, orci. Phasellus",http://placehold.it/200x200,2
2,"dis parturient montes,","mattis ornare, lectus ante dictum mi, ac mattis velit justo",http://placehold.it/200x200,1
3,Curabitur vel lectus.,nascetur ridiculus mus. Aenean eget magna. Suspendisse tristique neque venenatis,http://placehold.it/200x200,3
4,augue id ante,vestibulum. Mauris magna. Duis dignissim tempor arcu. Vestibulum ut eros,http://placehold.it/200x200,2
5,"pellentesque a, facilisis","ligula consectetuer rhoncus. Nullam velit dui, semper et, lacinia vitae,",http://placehold.it/200x200,3
6,imperdiet dictum magna.,"aliquet, sem ut cursus luctus, ipsum leo elementum sem, vitae",http://placehold.it/200x200,0
7,diam at pretium,"non, egestas a, dui. Cras pellentesque. Sed dictum. Proin eget",http://placehold.it/200x200,3
8,et nunc. Quisque,quam. Pellentesque habitant morbi tristique senectus et netus et malesuada,http://placehold.it/200x200,5
9,"feugiat nec, diam.","nunc ac mattis ornare, lectus ante dictum mi, ac mattis",http://placehold.it/200x200,2
10,"Nulla tincidunt, neque","et, lacinia vitae, sodales at, velit. Pellentesque ultricies dignissim lacus.",http://placehold.it/200x200,4
11,ligula. Nullam feugiat,"mattis. Integer eu lacus. Quisque imperdiet, erat nonummy ultricies ornare,",http://placehold.it/200x200,1
12,nec ante blandit,"Mauris molestie pharetra nibh. Aliquam ornare, libero at auctor ullamcorper,",http://placehold.it/200x200,0
13,tristique senectus et,"aliquam eu, accumsan sed, facilisis vitae, orci. Phasellus dapibus quam",http://placehold.it/200x200,2
14,nonummy ipsum non,"pharetra sed, hendrerit a, arcu. Sed et libero. Proin mi.",http://placehold.it/200x200,0
15,"orci, consectetuer euismod",a nunc. In at pede. Cras vulputate velit eu sem.,http://placehold.it/200x200,4
16,"sem elit, pharetra",mauris blandit mattis. Cras eget nisi dictum augue malesuada malesuada.,http://placehold.it/200x200,4
17,"nec, mollis vitae,",nascetur ridiculus mus. Proin vel arcu eu odio tristique pharetra.,http://placehold.it/200x200,5
18,Nunc quis arcu,at risus. Nunc ac sem ut dolor dapibus gravida. Aliquam,http://placehold.it/200x200,1
19,enim nec tempus,"eu dolor egestas rhoncus. Proin nisl sem, consequat nec, mollis",http://placehold.it/200x200,5
20,per inceptos hymenaeos.,"In ornare sagittis felis. Donec tempor, est ac mattis semper,",http://placehold.it/200x200,3
21,erat vitae risus.,nonummy. Fusce fermentum fermentum arcu. Vestibulum ante ipsum primis in,http://placehold.it/200x200,2
22,Suspendisse eleifend. Cras,"fermentum risus, at fringilla purus mauris a nunc. In at",http://placehold.it/200x200,3
23,et libero. Proin,sed turpis nec mauris blandit mattis. Cras eget nisi dictum,http://placehold.it/200x200,5
24,ligula. Donec luctus,"semper rutrum. Fusce dolor quam, elementum at, egestas a, scelerisque",http://placehold.it/200x200,3
25,"eget, volutpat ornare,",consectetuer adipiscing elit. Curabitur sed tortor. Integer aliquam adipiscing lacus.,http://placehold.it/200x200,4
26,tellus. Nunc lectus,"at, egestas a, scelerisque sed, sapien. Nunc pulvinar arcu et",http://placehold.it/200x200,2
27,velit in aliquet,"dolor egestas rhoncus. Proin nisl sem, consequat nec, mollis vitae,",http://placehold.it/200x200,5
28,dolor. Quisque tincidunt,cursus purus. Nullam scelerisque neque sed sem egestas blandit. Nam,http://placehold.it/200x200,4
29,enim. Etiam gravida,"mi pede, nonummy ut, molestie in, tempus eu, ligula. Aenean",http://placehold.it/200x200,2
30,libero. Donec consectetuer,Duis volutpat nunc sit amet metus. Aliquam erat volutpat. Nulla,http://placehold.it/200x200,4
31,libero dui nec,senectus et netus et malesuada fames ac turpis egestas. Fusce,http://placehold.it/200x200,4
32,"elit, pellentesque a,",interdum ligula eu enim. Etiam imperdiet dictum magna. Ut tincidunt,http://placehold.it/200x200,4
33,"egestas a, scelerisque","faucibus ut, nulla. Cras eu tellus eu augue porttitor interdum.",http://placehold.it/200x200,2
34,lectus justo eu,"sodales. Mauris blandit enim consequat purus. Maecenas libero est, congue",http://placehold.it/200x200,1
35,feugiat placerat velit.,"tempus eu, ligula. Aenean euismod mauris eu elit. Nulla facilisi.",http://placehold.it/200x200,4
36,"Donec nibh enim,",turpis nec mauris blandit mattis. Cras eget nisi dictum augue,http://placehold.it/200x200,0
37,Integer tincidunt aliquam,"mi enim, condimentum eget, volutpat ornare, facilisis eget, ipsum. Donec",http://placehold.it/200x200,2
38,metus vitae velit,"sagittis felis. Donec tempor, est ac mattis semper, dui lectus",http://placehold.it/200x200,1
39,amet metus. Aliquam,eu dui. Cum sociis natoque penatibus et magnis dis parturient,http://placehold.it/200x200,3
40,In at pede.,"blandit at, nisi. Cum sociis natoque penatibus et magnis dis",http://placehold.it/200x200,1
41,iaculis odio. Nam,Nam ac nulla. In tincidunt congue turpis. In condimentum. Donec,http://placehold.it/200x200,4
42,eu eros. Nam,Vestibulum ante ipsum primis in faucibus orci luctus et ultrices,http://placehold.it/200x200,5
43,Nam ac nulla.,eget lacus. Mauris non dui nec urna suscipit nonummy. Fusce,http://placehold.it/200x200,3
44,ligula. Aliquam erat,"et tristique pellentesque, tellus sem mollis dui, in sodales elit",http://placehold.it/200x200,3
45,leo. Cras vehicula,"montes, nascetur ridiculus mus. Aenean eget magna. Suspendisse tristique neque",http://placehold.it/200x200,4
46,"elit fermentum risus,","sed dictum eleifend, nunc risus varius orci, in consequat enim",http://placehold.it/200x200,3
47,eget tincidunt dui,"a feugiat tellus lorem eu metus. In lorem. Donec elementum,",http://placehold.it/200x200,0
48,odio semper cursus.,neque. Nullam ut nisi a odio semper cursus. Integer mollis.,http://placehold.it/200x200,5
49,lacus. Mauris non,"dictum cursus. Nunc mauris elit, dictum eu, eleifend nec, malesuada",http://placehold.it/200x200,0
50,dictum. Proin eget,"aliquet lobortis, nisi nibh lacinia orci, consectetuer euismod est arcu",http://placehold.it/200x200,2
51,Phasellus nulla. Integer,"dui. Fusce diam nunc, ullamcorper eu, euismod ac, fermentum vel,",http://placehold.it/200x200,4
52,"dolor sit amet,",sapien. Nunc pulvinar arcu et pede. Nunc sed orci lobortis,http://placehold.it/200x200,5
53,"facilisis vitae, orci.",tempor diam dictum sapien. Aenean massa. Integer vitae nibh. Donec,http://placehold.it/200x200,2
54,Nunc sed orci,"a, facilisis non, bibendum sed, est. Nunc laoreet lectus quis",http://placehold.it/200x200,1
55,aliquet molestie tellus.,"placerat, orci lacus vestibulum lorem, sit amet ultricies sem magna",http://placehold.it/200x200,5
56,dui nec urna,Phasellus vitae mauris sit amet lorem semper auctor. Mauris vel,http://placehold.it/200x200,3
57,porttitor tellus non,"sit amet, faucibus ut, nulla. Cras eu tellus eu augue",http://placehold.it/200x200,5
58,est. Mauris eu,"enim. Suspendisse aliquet, sem ut cursus luctus, ipsum leo elementum",http://placehold.it/200x200,4
59,eu nibh vulputate,pretium neque. Morbi quis urna. Nunc quis arcu vel quam,http://placehold.it/200x200,5
60,Vestibulum ante ipsum,arcu. Vestibulum ante ipsum primis in faucibus orci luctus et,http://placehold.it/200x200,3
61,mauris ut mi.,"non massa non ante bibendum ullamcorper. Duis cursus, diam at",http://placehold.it/200x200,4
62,"Nunc mauris elit,","Integer eu lacus. Quisque imperdiet, erat nonummy ultricies ornare, elit",http://placehold.it/200x200,5
63,"sed, sapien. Nunc","Cras vehicula aliquet libero. Integer in magna. Phasellus dolor elit,",http://placehold.it/200x200,2
64,penatibus et magnis,dignissim lacus. Aliquam rutrum lorem ac risus. Morbi metus. Vivamus,http://placehold.it/200x200,2
65,malesuada augue ut,"Nunc mauris sapien, cursus in, hendrerit consectetuer, cursus et, magna.",http://placehold.it/200x200,5
66,sapien molestie orci,a felis ullamcorper viverra. Maecenas iaculis aliquet diam. Sed diam,http://placehold.it/200x200,1
67,enim. Etiam imperdiet,"ut aliquam iaculis, lacus pede sagittis augue, eu tempor erat",http://placehold.it/200x200,2
68,habitant morbi tristique,"ut erat. Sed nunc est, mollis non, cursus non, egestas",http://placehold.it/200x200,5
69,fringilla. Donec feugiat,et netus et malesuada fames ac turpis egestas. Fusce aliquet,http://placehold.it/200x200,5
70,egestas. Fusce aliquet,dui. Cras pellentesque. Sed dictum. Proin eget odio. Aliquam vulputate,http://placehold.it/200x200,3
71,mi. Duis risus,"nec, euismod in, dolor. Fusce feugiat. Lorem ipsum dolor sit",http://placehold.it/200x200,1
72,ante bibendum ullamcorper.,"felis. Donec tempor, est ac mattis semper, dui lectus rutrum",http://placehold.it/200x200,3
73,Nullam nisl. Maecenas,"nonummy ut, molestie in, tempus eu, ligula. Aenean euismod mauris",http://placehold.it/200x200,3
74,mattis. Integer eu,In tincidunt congue turpis. In condimentum. Donec at arcu. Vestibulum,http://placehold.it/200x200,4
75,adipiscing lobortis risus.,"enim mi tempor lorem, eget mollis lectus pede et risus.",http://placehold.it/200x200,3
76,viverra. Maecenas iaculis,senectus et netus et malesuada fames ac turpis egestas. Fusce,http://placehold.it/200x200,2
77,Sed dictum. Proin,mauris blandit mattis. Cras eget nisi dictum augue malesuada malesuada.,http://placehold.it/200x200,4
78,"at, velit. Pellentesque","augue ut lacus. Nulla tincidunt, neque vitae semper egestas, urna",http://placehold.it/200x200,2
79,magna. Phasellus dolor,"scelerisque, lorem ipsum sodales purus, in molestie tortor nibh sit",http://placehold.it/200x200,4
80,vel lectus. Cum,Suspendisse sagittis. Nullam vitae diam. Proin dolor. Nulla semper tellus,http://placehold.it/200x200,4
81,egestas. Aliquam fringilla,"a feugiat tellus lorem eu metus. In lorem. Donec elementum,",http://placehold.it/200x200,2
82,mauris blandit mattis.,Suspendisse eleifend. Cras sed leo. Cras vehicula aliquet libero. Integer,http://placehold.it/200x200,3
83,ipsum leo elementum,feugiat placerat velit. Quisque varius. Nam porttitor scelerisque neque. Nullam,http://placehold.it/200x200,5
84,bibendum fermentum metus.,"Quisque imperdiet, erat nonummy ultricies ornare, elit elit fermentum risus,",http://placehold.it/200x200,4
85,"Donec elementum, lorem","posuere at, velit. Cras lorem lorem, luctus ut, pellentesque eget,",http://placehold.it/200x200,2
86,Phasellus dapibus quam,"pharetra sed, hendrerit a, arcu. Sed et libero. Proin mi.",http://placehold.it/200x200,3
87,adipiscing lacus. Ut,"Mauris molestie pharetra nibh. Aliquam ornare, libero at auctor ullamcorper,",http://placehold.it/200x200,3
88,Sed dictum. Proin,"pharetra nibh. Aliquam ornare, libero at auctor ullamcorper, nisl arcu",http://placehold.it/200x200,1
89,enim mi tempor,"a, aliquet vel, vulputate eu, odio. Phasellus at augue id",http://placehold.it/200x200,2
90,consectetuer ipsum nunc,"cursus non, egestas a, dui. Cras pellentesque. Sed dictum. Proin",http://placehold.it/200x200,2
91,amet nulla. Donec,"sit amet, faucibus ut, nulla. Cras eu tellus eu augue",http://placehold.it/200x200,4
92,gravida molestie arcu.,"luctus sit amet, faucibus ut, nulla. Cras eu tellus eu",http://placehold.it/200x200,1
93,Morbi sit amet,"neque. In ornare sagittis felis. Donec tempor, est ac mattis",http://placehold.it/200x200,2
94,"nisl elementum purus,","pretium aliquet, metus urna convallis erat, eget tincidunt dui augue",http://placehold.it/200x200,2
95,penatibus et magnis,"elementum at, egestas a, scelerisque sed, sapien. Nunc pulvinar arcu",http://placehold.it/200x200,1
96,"cursus in, hendrerit",scelerisque neque. Nullam nisl. Maecenas malesuada fringilla est. Mauris eu,http://placehold.it/200x200,5
97,eu metus. In,"gravida sit amet, dapibus id, blandit at, nisi. Cum sociis",http://placehold.it/200x200,4
98,orci lobortis augue,volutpat. Nulla dignissim. Maecenas ornare egestas ligula. Nullam feugiat placerat,http://placehold.it/200x200,5
99,quam dignissim pharetra.,"Aenean massa. Integer vitae nibh. Donec est mauris, rhoncus id,",http://placehold.it/200x200,5
100,pharetra. Nam ac,"Donec nibh enim, gravida sit amet, dapibus id, blandit at,",http://placehold.it/200x200,1
