email,password,city_id
magnis@euodiotristique.net,786613737,1
justo.nec.ante@Nunc.co.uk,442907960,2
vitae@ornare.co.uk,050124353,3
auctor.velit.Aliquam@lectus.co.uk,976086744,4
mi.lacinia.mattis@bibendumDonecfelis.net,885185843,5
elementum@miAliquam.edu,067119636,6
Nulla@dictum.com,057576985,7
gravida.mauris.ut@conubianostra.net,868015736,8
fermentum.fermentum@egestas.co.uk,723460218,9
malesuada.malesuada@amet.co.uk,007339484,10
Quisque.porttitor@sit.co.uk,006730071,11
elit@arcu.co.uk,963925276,12
non.bibendum.sed@maurisrhoncusid.co.uk,197559248,13
lectus.Cum.sociis@Loremipsum.edu,142882117,14
Quisque@orciadipiscing.org,032452427,15
vulputate@Curabiturconsequatlectus.edu,032782500,16
quis.pede@nasceturridiculus.edu,386609655,17
lobortis.ultrices@consequat.com,321856999,18
Nulla.tempor@ridiculusmusDonec.net,205082373,19
tortor.Nunc@dictumPhasellusin.co.uk,881868392,20
sit.amet.consectetuer@et.co.uk,134403492,21
erat.nonummy.ultricies@ametrisus.org,110013190,22
In.nec.orci@sapien.com,166816199,23
accumsan.neque@Sedpharetrafelis.co.uk,669238446,24
nascetur.ridiculus@acmetus.net,337205900,25
ultricies.dignissim@urnaNunc.com,498646959,26
magna@massa.com,525483178,27
ut@Pellentesque.com,697638054,28
Quisque.ornare@pedenec.net,481234334,29
facilisis@erosnectellus.com,883545253,30
diam@Fuscefermentumfermentum.org,314364019,31
ullamcorper.velit@lectus.com,763348224,32
egestas.ligula.Nullam@egetvenenatisa.ca,841825458,33
amet.ante.Vivamus@lobortismaurisSuspendisse.ca,738694819,34
lacus.vestibulum.lorem@ullamcorperDuis.ca,507279065,35
turpis.Nulla@Crassed.co.uk,260215934,36
elit@Aeneanmassa.co.uk,588117416,37
fermentum.convallis.ligula@Aeneaneget.ca,587206061,38
risus.Quisque@ornarelectusjusto.com,071689251,39
ut.molestie.in@nequeSed.edu,492053848,40
porttitor.scelerisque@acmattis.org,965487556,41
egestas@tempor.org,809991888,42
vel.arcu@purusin.org,224663393,43
eu.turpis@egestas.ca,285592275,44
velit.Sed@lobortisnisinibh.org,745075424,45
mi.tempor.lorem@urnaVivamus.co.uk,046460424,46
Sed.molestie@purussapien.net,772014585,47
neque.In.ornare@veliteusem.net,296946981,48
egestas.hendrerit.neque@nisi.edu,794481374,49
risus@Aliquameratvolutpat.org,897870184,50
sed.turpis.nec@nec.net,393913538,51
dictum.augue.malesuada@malesuadafamesac.edu,882751522,52
at@pedeultricesa.com,222852253,53
Vivamus@nisl.com,072601974,54
sociosqu.ad.litora@musProinvel.com,220042949,55
imperdiet@varius.net,393903539,56
nonummy@leo.co.uk,716648688,57
Vivamus@utipsumac.net,245875562,58
felis.ullamcorper@liberolacusvarius.org,184440188,59
nonummy.Fusce.fermentum@eratvolutpat.org,897893749,60
egestas.Fusce.aliquet@sagittisNullam.ca,159561844,61
diam@odiotristiquepharetra.ca,010887172,62
netus.et.malesuada@massaIntegervitae.ca,174924860,63
nunc@Sed.net,540653540,64
Aenean@vitaesodalesnisi.ca,329644124,65
nec.tempus.scelerisque@etmalesuadafames.ca,029325792,66
gravida.molestie.arcu@eratEtiamvestibulum.com,098047905,67
mattis.semper@nascetur.edu,889313011,68
Quisque.fringilla.euismod@Mauris.org,172514580,69
ut.lacus@ante.edu,223961517,70
accumsan.convallis.ante@Maurisvel.ca,726641178,71
nunc@Integereu.net,949578470,72
nonummy.ultricies@Fuscealiquet.edu,371702150,73
purus.ac@pedeultrices.co.uk,678096652,74
pede.sagittis.augue@Cumsociis.com,204325112,75
blandit@interdumfeugiat.net,650028673,76
dui.Suspendisse.ac@pedeblandit.ca,493939037,77
vitae@famesac.co.uk,950864298,78
blandit.at@fermentum.org,368343257,79
nec.leo.Morbi@necmalesuadaut.ca,359523222,80
ipsum@nislelementumpurus.co.uk,531227221,81
tempus.mauris.erat@imperdiet.net,218143477,82
vitae.aliquet@Phaselluselit.ca,531749596,83
tempor.est.ac@lectusconvallis.edu,528995814,84
dui@cursusdiamat.org,681940623,85
ridiculus.mus.Proin@eros.net,637315300,86
neque@ultricesaauctor.net,983844754,87
imperdiet@fermentum.edu,396743478,88
magna.malesuada@orciinconsequat.co.uk,309137503,89
ut.erat@sit.edu,275283182,90
egestas.lacinia@justo.com,444579965,91
dolor@in.org,969180439,92
sem.semper@Praesenteudui.co.uk,794680892,93
dui@pedenecante.co.uk,772569034,94
facilisis.facilisis.magna@Proinvel.ca,742263874,95
non@auctorvelit.ca,508980638,96
primis.in@ultricesVivamus.co.uk,024527848,97
turpis@Crasloremlorem.co.uk,536550577,98
Suspendisse.aliquet.sem@odioNam.org,704033042,99
nibh.dolor@eu.com,879465953,100
