task_id,url
1,http://placehold.it/100x200
2,http://placehold.it/100x200
3,http://placehold.it/100x200
4,http://placehold.it/100x200
5,http://placehold.it/100x200
6,http://placehold.it/100x200
7,http://placehold.it/100x200
8,http://placehold.it/100x200
9,http://placehold.it/100x200
10,http://placehold.it/100x200
11,http://placehold.it/100x200
12,http://placehold.it/100x200
13,http://placehold.it/100x200
14,http://placehold.it/100x200
15,http://placehold.it/100x200
16,http://placehold.it/100x200
17,http://placehold.it/100x200
18,http://placehold.it/100x200
19,http://placehold.it/100x200
20,http://placehold.it/100x200
21,http://placehold.it/100x200
22,http://placehold.it/100x200
23,http://placehold.it/100x200
24,http://placehold.it/100x200
25,http://placehold.it/100x200
26,http://placehold.it/100x200
27,http://placehold.it/100x200
28,http://placehold.it/100x200
29,http://placehold.it/100x200
30,http://placehold.it/100x200
31,http://placehold.it/100x200
32,http://placehold.it/100x200
33,http://placehold.it/100x200
34,http://placehold.it/100x200
35,http://placehold.it/100x200
36,http://placehold.it/100x200
37,http://placehold.it/100x200
38,http://placehold.it/100x200
39,http://placehold.it/100x200
40,http://placehold.it/100x200
41,http://placehold.it/100x200
42,http://placehold.it/100x200
43,http://placehold.it/100x200
44,http://placehold.it/100x200
45,http://placehold.it/100x200
46,http://placehold.it/100x200
47,http://placehold.it/100x200
48,http://placehold.it/100x200
49,http://placehold.it/100x200
50,http://placehold.it/100x200
51,http://placehold.it/100x200
52,http://placehold.it/100x200
53,http://placehold.it/100x200
54,http://placehold.it/100x200
55,http://placehold.it/100x200
56,http://placehold.it/100x200
57,http://placehold.it/100x200
58,http://placehold.it/100x200
59,http://placehold.it/100x200
60,http://placehold.it/100x200
61,http://placehold.it/100x200
62,http://placehold.it/100x200
63,http://placehold.it/100x200
64,http://placehold.it/100x200
65,http://placehold.it/100x200
66,http://placehold.it/100x200
67,http://placehold.it/100x200
68,http://placehold.it/100x200
69,http://placehold.it/100x200
70,http://placehold.it/100x200
71,http://placehold.it/100x200
72,http://placehold.it/100x200
73,http://placehold.it/100x200
74,http://placehold.it/100x200
75,http://placehold.it/100x200
76,http://placehold.it/100x200
77,http://placehold.it/100x200
78,http://placehold.it/100x200
79,http://placehold.it/100x200
80,http://placehold.it/100x200
81,http://placehold.it/100x200
82,http://placehold.it/100x200
83,http://placehold.it/100x200
84,http://placehold.it/100x200
85,http://placehold.it/100x200
86,http://placehold.it/100x200
87,http://placehold.it/100x200
88,http://placehold.it/100x200
89,http://placehold.it/100x200
90,http://placehold.it/100x200
91,http://placehold.it/100x200
92,http://placehold.it/100x200
93,http://placehold.it/100x200
94,http://placehold.it/100x200
95,http://placehold.it/100x200
96,http://placehold.it/100x200
97,http://placehold.it/100x200
98,http://placehold.it/100x200
99,http://placehold.it/100x200
100,http://placehold.it/100x200
